{
    "SF": 8,
    "snr_real": [
        -31.88660103796069,
        -29.747246159003094,
        -27.596527016289073,
        -25.45836885456793,
        -23.315359252823615,
        -21.17052634124204,
        -19.019542048832104,
        -16.89367570968291,
        -14.743844194633043,
        -12.590776803847726,
        -10.468280443905305,
        -8.314743787162167,
        -6.177355732100949,
        -4.030423731417598,
        -1.8879031696890913
    ],
    "ser": [
        0.992,
        0.992,
        0.9806666666666667,
        0.9506666666666667,
        0.892,
        0.778,
        0.49733333333333335,
        0.17466666666666666,
        0.016,
        0.0,
        0.0,
        0.0,
        0.0,
        0.0,
        0.0
    ]
}