{
    "snr_real": [
        -28.97451983181686,
        -26.863758274838627,
        -24.720151591397634,
        -22.608062794390232,
        -20.42376647632516,
        -18.28206957853695,
        -16.129983777830827,
        -14.014669269514497,
        -11.83456944769611,
        -9.722164450123639,
        -7.5793715945974185,
        -5.436840278349201,
        -3.2865010718608527,
        -1.1460156555667667,
        0.9959031312608243
    ],
    "ser": [
        0.9133333333333333,
        0.9126666666666666,
        0.8993333333333333,
        0.8746666666666667,
        0.852,
        0.8086666666666666,
        0.678,
        0.5266666666666666,
        0.32133333333333336,
        0.10866666666666666,
        0.021333333333333333,
        0.0006666666666666666,
        0.0,
        0.0,
        0.0
    ]
}