{
    "SF": 8,
    "snr_real": [
        -28.313224379666188,
        -26.173239491396238,
        -24.04087331111285,
        -21.87469149873655,
        -19.746808265077572,
        -17.604218461482265,
        -15.455055608845692,
        -13.30745942552017,
        -11.174157294109838,
        -9.026159454563782,
        -6.868840523986098,
        -4.7476902739164935,
        -2.5973452821128276,
        -0.45352361660250323,
        1.702928907977697
    ],
    "ser": [
        0.982,
        0.9673333333333334,
        0.9126666666666666,
        0.792,
        0.6146666666666667,
        0.2673333333333333,
        0.042,
        0.0033333333333333335,
        0.0,
        0.0,
        0.0,
        0.0,
        0.0,
        0.0,
        0.0
    ]
}