{
    "SF": 7,
    "snr_real": [
        -28.312772345720145,
        -26.17598372218258,
        -24.009601199289534,
        -21.89143881459609,
        -19.73417464434309,
        -17.597821013127763,
        -15.470686077815584,
        -13.306626578748233,
        -11.160930570970503,
        -9.011217679156358,
        -6.882890999015253,
        -4.753167849683169,
        -2.5972095299622913,
        -0.4573837099379629,
        1.6727656615543995
    ],
    "ser": [
        0.982,
        0.976,
        0.9606666666666667,
        0.9153333333333333,
        0.808,
        0.6306666666666667,
        0.3373333333333333,
        0.092,
        0.005333333333333333,
        0.0006666666666666666,
        0.0,
        0.0,
        0.0,
        0.0,
        0.0
    ]
}