{
    "snr_real": [
        -29.010947090043164,
        -26.850918027125267,
        -24.705176703930636,
        -22.577274916888836,
        -20.443554735904222,
        -18.289198720119202,
        -16.144503502378477,
        -14.01135811336657,
        -11.87155081560861,
        -9.71203145365337,
        -7.572489642443803,
        -5.4313839336790375,
        -3.2865033791185225,
        -1.1612567719230378,
        0.9918488972833865
    ],
    "ser": [
        0.908,
        0.8973333333333333,
        0.8533333333333334,
        0.8226666666666667,
        0.7646666666666667,
        0.608,
        0.42866666666666664,
        0.20866666666666667,
        0.058,
        0.006,
        0.0,
        0.0,
        0.0,
        0.0,
        0.0
    ]
}